,Filename,Prediction_Task1,Prediction_Task2,Actual
0,bd0e6ef3-0ee3-42d2-ba89-87e27f31da87,Slow-Stop,Straight,Straight
1,b8cf26e4-7329-4cfa-aca7-00bd40975ff0,Right Lane Change,Right Lane Change,Left Lane Change
2,60ad70f9-ecde-4f47-87ec-41bbc1221d94,Slow-Stop,Slow-Stop,Left Turn
3,7d43bedb-13c3-4b9d-9050-f1652b110a1e,Left Turn,Slow-Stop,Slow-Stop
4,dec19835-0fb4-4887-8178-19df3b497153,Slow-Stop,Slow-Stop,Slow-Stop
5,ab0832d7-1a2b-43a6-bec7-10cb25ca7983,Right Lane Change,Right Turn,Right Turn
6,66e56d2d-d4c4-42d2-b5b7-eb141fbd097f,Left Turn,Left Turn,Left Turn
7,02d9a67f-cd75-4880-9e41-08b9369e5ded,Right Lane Change,Left Lane Change,Left Turn
8,30b2c119-7f65-4791-afc4-93bbd8a2592f,Right Lane Change,Slow-Stop,Straight
9,cab48330-ac2b-4218-b05c-d0806e735bd5,Slow-Stop,Slow-Stop,Right Turn
10,13d1aac7-01e8-4d8f-be04-6b9bf1d78c38,Right Lane Change,Right Turn,Right Turn
11,bf900a43-4579-4031-b2e5-0fa24c7e00d4,Slow-Stop,Right Turn,Right Turn
12,5715a0a6-7fa2-4b5b-8f42-d43fcab9729a,Right Turn,Left Turn,Left Turn
13,acc2b4ae-1de1-4875-b4b8-3731eab75219,Straight,Slow-Stop,Straight
14,08fad321-94d6-4a5d-9203-4b76e0e26589,Left Turn,Right Turn,Right Turn
15,dc6efa69-6946-4e2b-9de4-288cbf3c20a6,Straight,Slow-Stop,Straight
16,2589beef-c7bc-4aff-a0f7-834cf661ce8b,Right Lane Change,Right Lane Change,Straight
17,35c62f85-9117-49e7-89d3-fa381057ae8d,Slow-Stop,Straight,Straight
18,ad26369a-749b-4222-a86f-055ea43d9291,Right Lane Change,Right Lane Change,Right Lane Change
19,505b42c8-9c46-4955-936f-16bfac5b8830,Right Lane Change,Left Turn,Left Turn
20,ac34341c-f835-499e-8706-b143adbabc5e,Straight,Straight,Slow-Stop
21,3be87140-9bcf-4eff-91d4-1795e3e5802d,Straight,Straight,Slow-Stop
22,9aaf8611-a2bc-4f1d-97c5-10e469d76456,Right Lane Change,Right Lane Change,Left Turn
23,6e117e55-f0dc-4305-834c-a5c8b29c7d3f,Right Turn,Right Turn,Right Turn
24,9fff9170-316b-468e-9ebd-1b3070fade5b,Right Lane Change,Right Turn,Right Turn
25,d3f77ea2-8db9-458b-b33a-e8024c77f566,Left Turn,Left Turn,Left Turn
26,5b2c6d24-4b3d-46ff-adef-b732508b3bb5,Right Lane Change,Left Turn,Left Turn
27,3a687a03-9d61-4741-9ef3-c54986769657,Slow-Stop,Straight,Straight
28,18148502-eb8a-49a1-a95d-76a02852a9cc,Left Lane Change,Slow-Stop,Right Turn
29,4a9bd7f9-da7d-4f31-a846-b732853d7aa4,Right Lane Change,Slow-Stop,Slow-Stop
30,fa1b0774-22d2-4411-ba35-734c2d7467c5,Slow-Stop,Slow-Stop,Right Turn
31,fc9b8169-9f71-446b-bb0c-cd05283e61e5,Left Turn,Right Turn,Right Turn
32,33993e5f-d42e-469a-bc34-dfb5fdf4edf6,Left Turn,Right Turn,Slow-Stop
33,8e069130-c58e-4778-b53b-b662556b54ed,Slow-Stop,Left Turn,Left Turn
34,6613d10d-3f50-4a79-a013-cc5da63f95b1,Right Lane Change,Right Lane Change,Left Lane Change
35,1d98d9d5-ad45-46ff-b3c2-f22546b2a7e3,Right Lane Change,Slow-Stop,Straight
36,2eac9b90-e267-4d92-852b-79b65002828e,Slow-Stop,Right Turn,Right Turn
37,13908178-9a4e-4862-ab9d-25ada8717d2c,Straight,Straight,Slow-Stop
38,41a79829-f926-4f7d-9d7a-630f6cace179,Straight,Straight,Straight
39,f3dc043b-39fb-438d-b170-e4fc7413a9ec,Straight,Straight,Slow-Stop
40,ed875a76-8c9a-4188-9a9b-c4a2c681b829,Left Turn,Slow-Stop,Slow-Stop
41,9407075f-f54b-4aa8-adbb-2f96e68ffe07,Left Turn,Left Turn,Left Turn
42,75528de3-719a-461e-89f8-2db8d70d318d,Left Turn,Left Turn,Left Turn
43,87f8d5e2-837e-44d9-b2fd-c67a1574ee3e,Right Lane Change,Left Turn,Left Turn
44,c5b87769-c36c-4644-a9c2-dff0b10b317a,Straight,Straight,Straight
45,6a5df173-f866-4e03-b14a-3bd963ed8649,Right Lane Change,Right Turn,Right Turn
46,2d9bd6cd-98ce-4ca2-a56a-4d61657ed935,Straight,Straight,Straight
47,f05a7799-926b-41db-8b22-26acf0a2b7ed,Left Turn,Slow-Stop,Slow-Stop
48,5d3a03be-8f15-4c0d-9bdb-1fb8f38076cf,Right Lane Change,Left Turn,Left Turn
49,d54baae8-e42f-4065-b6c1-27e4a8075a8f,Right Lane Change,Left Turn,Left Turn
50,0b8d6666-d57a-4bf2-a0f0-fb6de7f69a90,Left Turn,Left Turn,Left Turn
51,e086083a-ef9b-4d33-b81a-9f61b7810e07,Left Turn,Right Turn,Right Turn
52,fb7b73db-cf2a-4265-8d83-97942dadd241,Left Lane Change,Left Turn,Left Turn
53,dc3cc96e-37d8-48f9-b033-6b75cc9de47b,Right Lane Change,Right Lane Change,Right Lane Change
54,4eb8fabb-e506-4de9-858d-3828f8b9c69a,Straight,Right Turn,Right Turn
55,19227eda-1338-42b5-afab-130afd8233e3,Right Lane Change,Slow-Stop,Left Lane Change
56,8657d9d4-1ff5-4dd2-be08-256da0d647ef,Left Lane Change,Left Turn,Left Turn
57,699b9535-afd3-4229-989d-34b1899ff3b8,Left Turn,Right Turn,Right Turn
58,062bbee4-bcaa-4fc1-ba19-3784ec31309c,Right Lane Change,Right Turn,Right Turn
59,8eb1b8b2-08bf-40ca-b567-2c9c6fcb67c1,Slow-Stop,Slow-Stop,Left Turn
60,3c5dd9df-a0cf-484d-9f47-c1343c3b29db,Right Turn,Right Turn,Right Turn
61,8a718ebd-e9a2-40e3-9620-f13b857910aa,Straight,Straight,Straight
62,58ad4e7f-bbf2-4903-a3a1-89642cddb719,Right Lane Change,Right Turn,Right Turn
63,8e376cf1-48dd-4cd6-b193-b3fd0dd60280,Slow-Stop,Right Turn,Right Turn
64,cd50ee6b-d468-4560-b40c-40d487fcde7e,Straight,Straight,Straight
65,9671c795-1071-4461-995f-f11f6fe0282a,Right Lane Change,Slow-Stop,Left Turn
66,ea1032b8-26d3-4cd8-afae-ac44572a438f,Right Lane Change,Right Lane Change,Straight
67,c7e26af7-fc55-4802-9453-196295598a68,Straight,Straight,Straight
68,4d644fa2-4325-4d4c-8600-4f737834fd1e,Right Lane Change,Straight,Straight
69,7cee92ec-a495-498b-b8b2-de1b352c45a4,Slow-Stop,Right Turn,Right Turn
70,a2667234-428d-4c3e-a422-9412cbc17733,Slow-Stop,Straight,Straight
71,6c8624be-6b19-47a2-be47-6f801f7ab164,Right Lane Change,Left Turn,Left Turn
72,5ffe0302-c55e-4dc0-84fc-122df02bb2fa,Straight,Straight,Straight
73,9e034b69-a477-46e6-a8ec-6efd7c263af0,Slow-Stop,Right Lane Change,Right Turn
74,276690f9-ab06-48d0-aa8d-bc3e5478fb13,Right Lane Change,Right Lane Change,Right Lane Change
75,e52a43c4-c3b8-4918-9271-308cd9eca059,Straight,Straight,Straight
76,6d736267-5685-4048-a535-964394266256,Left Turn,Slow-Stop,Slow-Stop
77,4c39d90c-4d71-41d7-9779-0b830d4fb1e0,Right Lane Change,Slow-Stop,Left Turn
78,b7f8630d-dc90-4135-bdf5-5a089489bef8,Slow-Stop,Right Turn,Right Turn
79,09ad9f9e-338e-4570-93cf-80d772088fbe,Right Lane Change,Right Lane Change,Left Lane Change
80,20a115af-abae-4831-b62e-a41379c68273,Right Lane Change,Left Lane Change,Left Lane Change
81,82c5c5a4-3101-4ad8-b417-ec599b926db1,Straight,Straight,Slow-Stop
82,3b646e0b-989c-4fda-b84e-3c9de2399a5a,Left Turn,Left Turn,Left Turn
83,5b8ec090-f772-4b12-bee4-d6e765ebe725,Right Turn,Right Turn,Right Turn
84,a7aa14d4-c451-4968-8585-89281f99a4ec,Right Lane Change,Right Lane Change,Left Lane Change
85,ecc891d9-f253-450b-b850-274d8c0e1457,Left Turn,Left Turn,Left Turn
86,06b959ab-9f60-48c7-87f8-d22e7e5db4a2,Left Turn,Slow-Stop,Slow-Stop
87,568eee02-254f-4cd6-9410-eb19585e544f,Straight,Straight,Straight
88,2ec5052c-c265-4edb-aa46-6460c217fcf2,Slow-Stop,Left Turn,Left Turn
89,9b1dfc18-e8b4-4996-9177-0660760dac57,Slow-Stop,Slow-Stop,Left Turn
90,3f6b4114-b4fb-4ee8-a8b8-2f73e53af0ea,Left Lane Change,Left Turn,Left Turn
91,b2412571-3c07-4002-beff-b9715ef5066f,Straight,Left Lane Change,Slow-Stop
92,70b02379-4be3-41b7-9e56-047433b79547,Left Turn,Left Turn,Left Turn
93,5747fef5-f2a4-47d2-a58a-96071c709ea0,Slow-Stop,Slow-Stop,Slow-Stop
94,18ec8b70-5dfa-4377-84b9-048155001141,Right Turn,Right Turn,Right Turn
95,78b36dd2-edd6-46b0-87eb-3a282f87015e,Slow-Stop,Left Turn,Left Turn
96,92a63b52-f2fc-4f48-b9bf-22c176bb5a25,Right Turn,Right Turn,Right Turn
97,c48de1f3-c7de-4656-be3b-bb3fd96356f4,Straight,Slow-Stop,Left Lane Change
98,0c41b908-6643-4ed6-a23b-d37bfc1eb76c,Straight,Straight,Straight
99,b699ffe3-d98b-48a3-8b9c-eced13c18c63,Slow-Stop,Right Turn,Right Turn
100,bd4876a7-3932-446c-b605-633bdb276811,Right Lane Change,Left Turn,Left Turn
101,44d7e12c-568e-427e-bdcd-2f8354e7dea6,Straight,Straight,Slow-Stop
102,06512d85-40a7-4951-9f3b-802893fbff12,Right Lane Change,Right Lane Change,Right Lane Change
103,32b3c3bb-17a6-4692-ab2c-322c640fd961,Left Turn,Left Turn,Left Turn
104,b9940849-d624-4f21-bbe2-1168b633c3b7,Right Lane Change,Right Turn,Right Turn
105,7db0ecff-018e-41ea-8136-78a73cc1c9e7,Straight,Left Turn,Left Turn
106,a3e578aa-ba6a-4f81-8a01-10597a64ed19,Straight,Straight,Straight
107,97b7c9dd-74b3-4051-a2a8-a66b8bd5418b,Left Turn,Left Turn,Left Turn
108,ead027d3-45d2-4366-896b-d135371be543,Right Turn,Right Turn,Right Turn
109,cb9f652c-3dd8-4d5b-a3fa-9664c5d9d1b7,Right Lane Change,Slow-Stop,Straight
110,6c56ef99-088c-4c99-9047-e259e85cbe30,Left Turn,Slow-Stop,Right Lane Change
111,6b50de23-fd3b-4772-8c5b-f00bbefdaa76,Slow-Stop,Right Turn,Right Turn
112,cd4b25a2-5306-4e59-a301-c7fa53794e20,Left Turn,Left Turn,Left Turn
113,2cbfa1f7-1e9c-468f-b876-f100bae407ce,Slow-Stop,Slow-Stop,Left Turn
114,6655605a-fc19-45c2-8972-0d6e598f51a3,Right Lane Change,Right Lane Change,Left Lane Change
115,40b2d516-8879-4910-b9bd-edbc85a80c67,Slow-Stop,Straight,Straight
116,4a1cd1d2-fc52-4bbf-bf42-11340dc4f580,Right Lane Change,Left Turn,Left Turn
117,a5e6c796-e253-4ce9-bb05-6dceb203836a,Right Lane Change,Right Turn,Right Turn
118,12dea207-e803-4a5a-b46c-fb54fa182fcb,Right Lane Change,Left Lane Change,Right Lane Change
119,824ecb50-b77b-4bb3-bf79-98f87a51c42f,Slow-Stop,Left Turn,Straight
120,a3b69458-7d2d-462d-9657-7ed64fba79fa,Left Turn,Left Turn,Left Turn
121,950ed77e-f1dc-4d40-a7f4-0e0c1ef1c1b0,Left Turn,Left Turn,Right Lane Change
122,58f1e041-95a9-4c08-a35c-dbcba8e9627a,Straight,Right Lane Change,Slow-Stop
123,388cb2df-dd8b-4069-b123-4fc2efc9abb1,Right Lane Change,Left Turn,Left Turn
124,241c8f63-34f8-4fa8-8ac3-e1c2ba75fbb4,Slow-Stop,Straight,Straight
125,1bf11e6c-a918-4e00-8850-14f554af1d4c,Straight,Slow-Stop,Slow-Stop
126,55dedc1a-5025-4b14-aa4e-327b1acb279a,Right Lane Change,Slow-Stop,Right Lane Change
127,3a2046fd-a419-4fcb-bcf8-427d9b62270b,Left Turn,Left Turn,Left Turn
128,32539e4d-04f6-4e17-8afc-a02657c01968,Right Lane Change,Left Lane Change,Right Lane Change
129,8b8c0f78-100e-4477-b6a3-1e464d3e9d08,Straight,Straight,Straight
130,789122e5-ff0a-44bf-86d0-8d195555af08,Slow-Stop,Straight,Straight
131,6b752431-6011-49b8-a3fc-84c8e705070e,Right Lane Change,Slow-Stop,Right Turn
132,2d9a32b2-8a95-48a9-ae43-01c83a9bbf36,Right Lane Change,Slow-Stop,Left Turn
133,45ae417f-6895-4245-b35e-c00f06e99b28,Right Lane Change,Right Lane Change,Left Lane Change
134,8c731559-f1a2-4611-b85c-dcfe991ee85d,Slow-Stop,Slow-Stop,Slow-Stop
135,e28d0073-737e-497a-9794-0b1c8ccb0c1d,Straight,Straight,Straight
136,6b678d0e-3cb3-4437-a421-b4a5f032939f,Left Turn,Left Turn,Left Turn
137,7cafd774-1088-443f-9b67-15956cd72b70,Right Lane Change,Right Lane Change,Right Lane Change
138,0f388736-f574-449e-9ab7-4cfa531a6b51,Right Lane Change,Right Turn,Right Turn
139,260e367a-a54c-40fb-a2b9-3ac7364d5703,Straight,Straight,Straight
140,41b95834-ad4e-444e-a981-65f8d2855db5,Straight,Straight,Straight
141,ef56a73f-20d5-4efa-b479-a716fb670faa,Straight,Straight,Straight
142,8801f476-7471-4286-b175-bbd66710283a,Left Turn,Slow-Stop,Slow-Stop
143,30a79e9b-931f-45c9-bc06-71e7fa3f21ee,Right Lane Change,Right Lane Change,Left Turn
144,94e7548e-2776-4d28-bcf1-bc44a7624646,Right Lane Change,Right Lane Change,Left Lane Change
145,69efec09-8e14-43fc-951b-1d665b1bc84e,Left Turn,Slow-Stop,Slow-Stop
146,6af1d394-4b5f-45d4-8cff-5d02c1fa4d0d,Left Turn,Left Turn,Left Turn
147,62430b71-8476-44fb-b23e-b3329c628ea6,Right Lane Change,Right Lane Change,Right Lane Change
148,96163dcf-243f-4813-8dcc-340ef5304059,Slow-Stop,Slow-Stop,Slow-Stop
149,54941413-97cb-463f-94c0-bd8331df141d,Slow-Stop,Straight,Straight
150,3f3ec9c9-4b49-4b1b-b916-454ba621d827,Left Turn,Left Turn,Left Turn
151,252a7231-cf00-47c2-af1f-d7ea7d1db8bd,Right Lane Change,Slow-Stop,Right Turn
152,848c04d1-c5bf-45ae-a5c1-62a3c8f97365,Right Lane Change,Slow-Stop,Slow-Stop
153,0db072f3-d123-44cb-9edf-23dbdad3ccac,Straight,Left Turn,Straight
154,a11d9a13-74c6-4671-a1ca-51db7465552b,Right Lane Change,Right Turn,Right Lane Change
155,108525ef-8fac-48cb-8e36-892ff073a1e2,Slow-Stop,Left Turn,Straight
156,11b727b1-e4a6-46bc-92b4-6689cf2ca09e,Right Turn,Right Turn,Right Turn
157,cfbf3f06-5190-433a-91e2-bf8c2332ef0c,Right Lane Change,Left Lane Change,Right Turn
158,ed203370-f3ad-4861-8034-f7bc2b0afaf5,Left Turn,Right Turn,Left Turn
159,64fed362-967f-4127-835c-53ea23fe39f3,Right Lane Change,Left Turn,Left Turn
160,1ab08478-1958-4366-87b1-9b48c3ccc541,Right Lane Change,Straight,Left Lane Change
161,a3d195d1-ca64-4c4d-965d-86f7af28b4e8,Left Turn,Left Turn,Left Turn
162,a2a733d8-ab8e-4e0a-82cc-4f29a126791e,Left Turn,Left Turn,Right Turn
163,7311a172-0ba4-4d7f-a473-52a42b9e81a4,Straight,Slow-Stop,Straight
164,423792cd-9efa-4a4f-b3e7-747d6fb7f1f8,Right Lane Change,Left Turn,Left Turn
165,c265088b-1094-46ae-88d6-e6f664892327,Slow-Stop,Left Turn,Left Turn
166,3f07519f-1d30-4665-bd3c-9ae199403366,Right Lane Change,Right Turn,Right Turn
167,aece7fd7-9690-42f9-a87f-2b205c1f5aa4,Straight,Straight,Straight
168,00d5a64d-7e78-4662-9f00-c2a7c69cace8,Right Lane Change,Slow-Stop,Slow-Stop
169,0ba7c96d-81d2-48a5-b842-e437a84b4af7,Right Turn,Right Turn,Right Turn
170,1e57e1f5-d934-4a30-811a-7f56ba583b8e,Right Turn,Right Turn,Right Turn
171,93def8bf-d9e9-4855-a6b9-30cb1b9f96f1,Right Turn,Right Turn,Right Turn
172,51c50bc7-c0fa-4204-bf87-c1dbdef6022a,Right Lane Change,Left Lane Change,Left Lane Change
173,883beada-7ccb-43c5-b944-e4603fc3f5f9,Left Turn,Left Turn,Left Turn
174,4b913aca-07c2-40c5-b099-da4b895994dc,Straight,Straight,Straight
175,28c02b8c-ebf8-413c-83b2-49ba2f46c2c2,Right Lane Change,Right Lane Change,Right Lane Change
176,4fcddec7-cecf-44c0-a4e4-ee15c812ca85,Right Lane Change,Straight,Straight
177,3bc02a66-c497-4ab7-9d4c-6c847efa6425,Left Turn,Left Turn,Left Turn
178,89c1ddc4-b25d-4b5d-81b4-571fc8e1ff09,Right Turn,Right Turn,Right Turn
179,7d6d0986-4228-45f5-8b39-acd82ee77f78,Right Lane Change,Left Lane Change,Right Lane Change
180,5a6ce7f8-a7b2-4a85-8a44-0b6abfddffc4,Left Turn,Left Turn,Left Turn
181,9ec457c5-91c6-4e28-a36a-2ab463b03f29,Right Lane Change,Right Turn,Right Turn
182,7afcb718-d439-4222-a880-85e33dc6648a,Left Turn,Left Turn,Left Turn
183,7af02f13-832a-45ea-b709-3d0d701b6003,Straight,Right Turn,Right Turn
184,63d3a010-9b8c-4181-9ca6-673ba68b682a,Right Lane Change,Right Turn,Left Turn
185,392991b5-f24b-41bd-a690-6b998c5b8f25,Left Turn,Left Turn,Left Turn
186,a7c2c1e3-25ad-49a3-81f3-73c9830bfd03,Straight,Slow-Stop,Straight
187,08773a0f-8905-4c68-9d9b-321d2a8ef6b2,Right Lane Change,Left Turn,Right Lane Change
188,545870a7-5793-4904-9885-fe30f31a20fc,Right Lane Change,Right Turn,Right Turn
189,7fd1e388-5a08-450a-9c55-8d92e5a6cd83,Straight,Straight,Straight
190,be27f2ce-8cfb-46c7-90c8-92abeda9cb39,Straight,Straight,Straight
191,7d6e99a8-45c1-4328-b070-fc4e90fed8bc,Straight,Straight,Straight
192,afe5f180-6c04-4191-949a-b24b34351a72,Right Lane Change,Right Turn,Right Turn
193,4ef07058-9477-4216-b677-bd3e6a906c7e,Slow-Stop,Left Turn,Left Turn
194,46a329a6-8947-4252-9eef-09548b2a3023,Right Lane Change,Right Turn,Left Turn
195,29727134-fa50-4e0e-847d-24ea334b0b4f,Straight,Straight,Straight
196,0b552512-3809-416f-9d33-d734abdc62fa,Slow-Stop,Right Turn,Right Turn
197,fa818724-4f54-4da8-b44f-76b024c781e6,Right Lane Change,Right Lane Change,Right Lane Change
198,357ccf06-9ac7-4d6e-a895-e4b0ef21bfe6,Slow-Stop,Left Turn,Straight
199,d454d3c6-efd5-4d53-bd6b-82338842a2b2,Right Turn,Straight,Straight
200,b2a75b06-bec7-4f92-8d7e-d0a2e523e975,Left Turn,Right Turn,Right Turn
201,046e6fab-6a93-4dec-b88b-5511afd7fe62,Right Turn,Right Turn,Right Turn
202,9d5cf73c-dd2f-4e2d-a8a9-82d81fd11e51,Straight,Right Turn,Right Turn
203,ca167fa6-c6df-4378-a588-68b2e019b2cb,Straight,Straight,Straight
204,a51421b9-b70f-479a-ad28-07cad0db8454,Slow-Stop,Straight,Straight
205,9a879896-1b9f-4bea-9057-63bf021bc76d,Left Turn,Left Turn,Left Turn
206,9a0f9d6d-6c87-4a2d-b6d5-f7fa2a5a37ad,Straight,Straight,Right Turn
207,c4466a07-d1ac-4e3e-87de-1f35c63725b0,Right Lane Change,Right Lane Change,Right Lane Change
208,5ea07f42-2ec0-484a-a45c-cb915912601d,Right Lane Change,Left Turn,Left Turn
209,80fdbb32-cb82-411c-8fbf-d58c1b5e6d51,Right Lane Change,Right Lane Change,Left Lane Change
210,95be7df6-317d-4059-9ad6-8ba087ea774d,Right Lane Change,Left Turn,Left Turn
211,9d37c401-0345-4518-b632-195483cc1371,Slow-Stop,Slow-Stop,Slow-Stop
212,15c51b29-9265-4ec1-9e30-60a160f252e6,Right Lane Change,Slow-Stop,Left Turn
213,605fc38d-edf5-4350-8d50-b270e95ecc16,Right Lane Change,Right Turn,Right Turn
214,086d9421-afb3-423d-8170-04ae2fcc3948,Slow-Stop,Straight,Slow-Stop
215,49ab74ee-0433-4ec2-8cf1-5331034918f9,Slow-Stop,Right Turn,Right Turn
216,2bc76da3-c604-433f-9d1b-e92306e34304,Left Turn,Left Turn,Left Turn
217,59423d0e-db64-4673-a197-97c5304ff813,Right Lane Change,Slow-Stop,Left Turn
218,a00dba3f-bf0c-43fb-a816-124555a3fea8,Straight,Left Turn,Straight
219,32993929-c9a4-4e84-846a-a16f8abfb3e2,Straight,Straight,Straight
220,4a9bdd2c-f92f-48c3-a72a-ef40f6b00618,Right Lane Change,Right Lane Change,Right Lane Change
221,e50fdbad-6817-4439-b7c0-97ae63bac3cc,Right Lane Change,Slow-Stop,Right Turn
222,5e3d853e-38c4-44e4-8eb5-bceef55602ee,Right Turn,Right Turn,Right Turn
223,94c60cb1-37be-40b1-9417-c187c7d00877,Straight,Straight,Slow-Stop
224,01bd1017-7748-4e0b-bf57-d9012563695a,Straight,Straight,Straight
225,9fd0b386-9bda-4da5-ac7e-25fd8e6000d6,Slow-Stop,Right Turn,Right Turn
226,d3a71d37-ca39-47a8-b126-40e495b64267,Straight,Slow-Stop,Straight
227,7aef186a-3d4b-48e0-b41c-6cc29f6bd643,Slow-Stop,Slow-Stop,Slow-Stop
228,8eb0c569-ac6e-4452-a22d-8eedfa404faa,Right Lane Change,Slow-Stop,Left Turn
229,64e1baa3-2fc8-4879-93f3-c01c6cf4139c,Slow-Stop,Straight,Left Turn
230,05c8e8e2-7459-48ef-afc3-0d1b5194cb25,Left Turn,Left Turn,Left Turn
231,4114a1f5-b186-437f-954a-cd020f84ddf8,Left Turn,Right Lane Change,Left Lane Change
232,c9b113f3-3dcb-488f-a90c-63e4a486a609,Right Lane Change,Left Turn,Straight
233,4cbfd7c2-5f34-468d-95ba-50871281155e,Straight,Right Turn,Right Turn
234,0c532a7e-f904-49a6-b420-b63feb4e1e15,Slow-Stop,Straight,Left Lane Change
235,e2a1add5-4438-4ce9-a6c3-24731f58e99d,Straight,Slow-Stop,Straight
236,5bd68e52-2630-4bde-99a6-99bede4b6de0,Slow-Stop,Left Turn,Left Turn
237,959a8c82-fd17-44a5-911f-cd5cdc3b773a,Straight,Slow-Stop,Straight
238,46226272-b22d-4ac5-aa51-99f00b8570c7,Slow-Stop,Straight,Straight
239,43cf172a-9fd9-41a5-a83b-1f17a0f1ff61,Left Turn,Slow-Stop,Slow-Stop
240,a654f714-3420-4a85-abb2-51326c3c55fe,Straight,Straight,Slow-Stop
241,7d34064d-1ad3-4e4d-afdd-2099bcdd8952,Straight,Slow-Stop,Straight
242,60cd134b-e8b3-4ead-84ca-a02cc7c46c20,Straight,Straight,Straight
243,2a5e9f5c-5296-4a08-8633-ad43868fea6b,Right Lane Change,Right Lane Change,Right Lane Change
244,d6d81bbb-c92a-4a28-933c-4ae5b90f6232,Straight,Straight,Straight
245,fd7545b6-acb7-47b2-94ed-4b6c8f9b9714,Right Lane Change,Slow-Stop,Right Turn
246,2bab6951-1843-4503-90eb-d3f3cc8b471f,Left Turn,Left Turn,Left Turn
247,a8480a14-3542-4a4f-bb5a-877b3dbce03f,Straight,Straight,Straight
248,58a7730f-04ba-407a-b80d-b277143dd37d,Right Lane Change,Right Lane Change,Right Lane Change
249,3b3d1027-51ea-4502-b60d-6960b3d4d2d4,Left Turn,Left Turn,Left Turn
250,7df07116-21cc-44ca-87a1-061e3762d491,Left Turn,Left Turn,Left Turn
251,638082ab-6b09-45e3-bb68-cfaa3fc0408a,Straight,Straight,Straight
252,7d436d64-e4c5-4a6c-a255-86dd338a8c16,Left Turn,Slow-Stop,Slow-Stop
253,2fd6b648-695c-4acf-849b-9182456e3a97,Right Lane Change,Slow-Stop,Left Turn
254,5c14dd9e-130b-4405-ad4a-bee1726a7a68,Slow-Stop,Slow-Stop,Slow-Stop
255,b629c6f9-8d83-43b5-8845-1447c850b90b,Straight,Straight,Straight
256,c1d317b2-638a-45d1-9800-c62f266bed77,Slow-Stop,Right Turn,Right Turn
257,6431472b-5450-4dda-b563-ec17908fded2,Left Turn,Left Turn,Left Turn
258,1277cf3d-b448-4041-8226-1ac216112e72,Slow-Stop,Right Turn,Right Turn
259,43bbe34d-77c1-4022-b31c-0ef83d002049,Right Lane Change,Slow-Stop,Left Turn
260,98ef8f1a-17c0-4d59-81dc-4dbb5091ca97,Straight,Straight,Straight
261,78601b52-4224-4926-8aef-a6c6328b5944,Right Lane Change,Right Turn,Right Turn
262,88e343f7-71e6-460b-997b-67020023567d,Right Turn,Right Turn,Right Turn
263,5442ec06-07e8-4523-b579-e7ce627df75b,Slow-Stop,Slow-Stop,Straight
264,2fbc0d39-970f-4d11-801e-a0ba184af6ed,Left Turn,Left Turn,Left Turn
265,d57e4d93-1403-46c9-bf67-556b8118c706,Left Turn,Left Turn,Left Turn
266,77120d03-74ee-4190-933a-0f40528906ff,Slow-Stop,Left Turn,Right Turn
267,bd3f7c77-f5c8-4c99-b028-c6978f622f26,Left Turn,Right Turn,Left Turn
268,1d39094f-7d92-47c0-9dc2-f6bace8bfd8b,Left Lane Change,Left Lane Change,Left Lane Change
269,1e842859-77da-4601-86b1-a2a2942003dd,Left Turn,Right Turn,Right Turn
270,7857ca70-4ec3-49e3-ace8-db5d72e549c8,Straight,Straight,Slow-Stop
271,a327365d-c9fe-4888-be52-3d5ebea5fae0,Straight,Straight,Straight
272,07794882-8538-42f4-a06d-4c147a7b377b,Straight,Straight,Slow-Stop
273,e9977599-e366-4cc7-87bf-8dd7a7f2cff1,Left Turn,Left Turn,Left Turn
274,6050937a-cfd0-4fb2-a6f1-e56e4ec4db94,Straight,Straight,Straight
275,2d350c6d-e025-45f1-a8e6-80552c791c46,Left Turn,Left Turn,Left Turn
276,ad7cc305-aa85-4ba0-8faa-30e92bd17935,Straight,Straight,Slow-Stop
277,aa3525bd-262b-4349-b4b2-41ae8058a809,Right Lane Change,Right Lane Change,Left Lane Change
278,42a362bd-7c23-4380-a042-a992f7fb75c9,Right Lane Change,Slow-Stop,Slow-Stop
279,5b2da383-0157-4877-bee3-c43ae6116348,Right Turn,Right Turn,Right Turn
280,8c8fd994-6c2c-4430-88cf-3e642279e294,Left Turn,Left Turn,Left Turn
281,5cd233cf-6402-433c-88e1-505b715340de,Straight,Straight,Straight
282,7d461c0a-9704-4bd6-b2e1-ce9202fd5442,Straight,Slow-Stop,Straight
283,8e290f43-5b2d-4cc9-8f1e-fbf0db5eee71,Right Lane Change,Left Lane Change,Left Turn
284,d4414322-a206-465b-adec-5e105ba0a9fe,Left Turn,Slow-Stop,Right Lane Change
285,b534a2bd-6236-4f27-80a2-7aeb7f471838,Slow-Stop,Straight,Slow-Stop
286,d90f6d6e-f1bf-4009-892a-dc457535bc4e,Straight,Straight,Slow-Stop
287,a95479e6-25e4-4f40-9865-bdc00f640f2e,Left Turn,Left Turn,Left Turn
288,71481dc5-8709-45c4-970b-0aeb0b2cbbf9,Straight,Right Turn,Right Turn
289,aec024cb-5fd0-4ba8-a1ec-a1a63f13f650,Slow-Stop,Right Turn,Right Turn
290,beb350a4-280f-4a72-a0f1-db41ac394958,Left Turn,Left Turn,Left Turn
291,c53b0315-5f84-499d-aba9-1a3edbcd5e85,Right Turn,Straight,Straight
292,2b4d25e3-309b-4618-9b7b-486db9d8f2a6,Slow-Stop,Left Lane Change,Right Turn
293,004ed8d4-5be9-4963-bdb3-8aace317cd74,Left Turn,Right Turn,Left Turn
294,f480e49c-ac72-4cda-a0c3-7aa3c48f592b,Left Turn,Left Turn,Left Turn
295,7612fbfb-910c-440b-9093-4d09a2c8db6a,Left Turn,Slow-Stop,Slow-Stop
296,2b045312-775d-4005-92ad-760f39e29637,Straight,Slow-Stop,Slow-Stop
297,73a84ac9-549c-4288-8614-88ae9a443603,Right Turn,Right Turn,Right Turn
